id;name;content;data
1;mobile Fish;../fake-data/blob/hipster.txt;2019-12-01T10:37:31
2;Savings Account Dam;../fake-data/blob/hipster.txt;2019-12-02T02:56:18
3;Trace;../fake-data/blob/hipster.txt;2019-12-01T21:19:43
4;Metal deposit;../fake-data/blob/hipster.txt;2019-12-02T03:59:01
5;transmitter Implementation Electronics;../fake-data/blob/hipster.txt;2019-12-01T05:31:29
6;Money Market Account;../fake-data/blob/hipster.txt;2019-12-01T14:39:29
7;Grocery Home;../fake-data/blob/hipster.txt;2019-12-01T16:44:35
8;enable Gorgeous Frozen Pants;../fake-data/blob/hipster.txt;2019-12-01T23:45:04
9;Licensed Savings Account;../fake-data/blob/hipster.txt;2019-12-01T20:09:31
10;Planner Canyon;../fake-data/blob/hipster.txt;2019-12-01T08:41:57
